as_listed_on_legacy_site (title + start of description),legacy_url,years_detected,legacy_section,status,evidence_needed / source,approved_wording,publish? (yes/no)
"Hall of Fame Recognition – Wayne State University (2026) Wayne State University awarded a prestigious Hall of Fame recognition for outstanding achievements in entrepreneurship,…",https://telkganesan.com/award/hall-of-fame-recognition-wayne-state-university-2026/,2026,Awards and Honors,"UNVERIFIED - taken from the legacy site, not yet evidenced",,,
"Letter of recognition – President Obama – (2009) A letter of recognition from the President of the US, Barack Obama, White House, was…",https://telkganesan.com/award/letter-of-recognition-president-obama-2009/,2009,Awards and Honors,"UNVERIFIED - taken from the legacy site, not yet evidenced",,,
"Leader & Innovator Award – Grant Thornton LLP, Lawrence Tech University, WWJ News Radio (2010) The Leader & Innovator Award was presented by Grant Thornton LLP, Lawrence Tech University, and…",https://telkganesan.com/award/leader-innovator-award-grant-thornton-llp-lawrence-tech-university-wwj-news-radio-2010/,2010,Awards and Honors,"UNVERIFIED - taken from the legacy site, not yet evidenced",,,
Outstanding and successful Asian Business Leaders – APACC Award – 2010 Outstanding and successful Asian Business Leaders were awarded by the Asian Pacific American Chamber of…,https://telkganesan.com/award/outstanding-and-successful-asian-business-leaders-apacc-award-2010/,2010,Awards and Honors,"UNVERIFIED - taken from the legacy site, not yet evidenced",,,
Special Tribute for Excellence – Michigan State Senate (2011) Diversity Business Leader Award was presented by Corp! Magazine to appreciate the hard work and…,https://telkganesan.com/award/special-tribute-for-excellence-michigan-state-senate-2011/,2011,Awards and Honors,"UNVERIFIED - taken from the legacy site, not yet evidenced",,,
Outstanding Young Asian American in Michigan – NaFFAA (2011) The Outstanding Young Asian American in Michigan award was presented by the National Federation of…,https://telkganesan.com/award/outstanding-young-asian-american-in-michigan-naffaa-2011/,2011,Awards and Honors,"UNVERIFIED - taken from the legacy site, not yet evidenced",,,
"Entrepreneur of The Year – Ernst & Young – (2012, 2013, 2014) The Entrepreneur of the Year award was presented by Ernst & Young for significant achievement…",https://telkganesan.com/award/entrepreneur-of-the-year-ernst-young-2012-2013-2014/,"2012, 2013, 2014",Awards and Honors,"UNVERIFIED - taken from the legacy site, not yet evidenced",,,
Diversity Business Leader – Corp! Magazine (2012) The Diversity Business Leader Award was presented by Corp! Magazine to appreciate the hard work…,https://telkganesan.com/award/diversity-business-leader-corp-magazine-2012/,2012,Awards and Honors,"UNVERIFIED - taken from the legacy site, not yet evidenced",,,
Founder’s Award – NVBDC (2012) Founder’s Award by National Veteran Business Development Council’s (NVBDC) was presented to recognize the support…,https://telkganesan.com/award/founders-award-nvbdc-2012/,2012,Awards and Honors,"UNVERIFIED - taken from the legacy site, not yet evidenced",,,
Fast 50 Asian American Businesses Excellence – USPAACC (2014) Fast 50 Asian American Businesses Excellence Award was presented by the US Pan Asian American…,https://telkganesan.com/award/fast-50-asian-american-businesses-excellence-uspaacc-2014/,2014,Awards and Honors,"UNVERIFIED - taken from the legacy site, not yet evidenced",,,
50 Names to Know in Information Technology- Crain’s Detroit Business (2016) Crain’s magazine’s 50 Names to Know In Information Technology Award was to recognize the entrepreneurial…,https://telkganesan.com/award/50-names-to-know-in-information-technology-crains-detroit-business-2016/,2016,Awards and Honors,"UNVERIFIED - taken from the legacy site, not yet evidenced",,,
Corporate Leadership – Global Detroit – (2018) The Corporate Leadership Award by Global Detroit was presented for strengthening the community through diverse…,https://telkganesan.com/award/corporate-leadership-global-detroit-2018/,2018,Awards and Honors,"UNVERIFIED - taken from the legacy site, not yet evidenced",,,
"Top 10 Successful Immigrant Entrepreneurs – Crain’s magazine (2018) Listed as the Top 10 Successful Immigrant Entrepreneurs by Crain’s magazine for contributions, success, and…",https://telkganesan.com/award/top-10-successful-immigrant-entrepreneurs-crains-magazine-2018/,2018,Awards and Honors,"UNVERIFIED - taken from the legacy site, not yet evidenced",,,
Champions of the New Economy – dbBusiness – (2019) Listed as one of the Champions of the New Economy by dbBusiness magazine for driving…,https://telkganesan.com/award/champions-of-the-new-economy-dbbusiness-2019/,2019,Awards and Honors,"UNVERIFIED - taken from the legacy site, not yet evidenced",,,
Asian Hall of Fame – by USP4GG- (2019) Asian Hall of Fame award was given by US Pinoys for Good Governance (USP4GG) for…,https://telkganesan.com/award/asian-hall-of-fame-by-usp4gg-2019/,2019,Awards and Honors,"UNVERIFIED - taken from the legacy site, not yet evidenced",,,
"Mahatma Gandhi Sesquicentennial Medallion of Excellence – MAFS (2019) Mahatma Gandhi Sesquicentennial Medallion of Excellence for top 20 global icons was presented by The Metropolitan Asian Family Services (MAFS) at Waterford Convention Center, Illinois.",https://telkganesan.com/award/mahatma-gandhi-sesquicentennial-medallion-of-excellence-mafs-2019/,2019,Awards and Honors,"UNVERIFIED - taken from the legacy site, not yet evidenced",,,
"Filmmaker of the Year – MEATF (2019) Filmmaker of the Year was presented by Multi-Ethnic Advisory Task Force (MEATF) in Chicago, Illinois.",https://telkganesan.com/award/filmmaker-of-the-year-meatf-2019/,2019,Awards and Honors,"UNVERIFIED - taken from the legacy site, not yet evidenced",,,
"Most Powerful Business Leaders in Metro Detroit – dbBusiness (2018, 2019, 2020, 2021) Listed in the dbBusiness magazine as one of the Most Powerful Business Leaders in Metro Detroit.",https://telkganesan.com/award/most-powerful-business-leaders-in-metro-detroit-dbbusiness-2018-2019-2020-2021/,"2018, 2019, 2020, 2021",Awards and Honors,"UNVERIFIED - taken from the legacy site, not yet evidenced",,,
Cool Places to Work in Michigan – Crain’s Detroit (2012) Cool Places to Work in Michigan award was presented by Crain’s Detroit Business magazine to…,https://telkganesan.com/award/cool-places-to-work-in-michigan-crains-detroit-2012/,2012,Kyyba Awards,"UNVERIFIED - taken from the legacy site, not yet evidenced",,,
"Michigan 50 Companies to Watch – MCSB (2013) Michigan 50 Companies to Watch Award was presented by Michigan Celebrates Small Business (MCSB), during…",https://telkganesan.com/award/michigan-50-companies-to-watch-mcsb-2013/,2013,Kyyba Awards,"UNVERIFIED - taken from the legacy site, not yet evidenced",,,
Diversity Focused Company – Corp! Magazine (2014) The Diversity Focused Company Award was presented by Corp! Magazine to recognize companies that promote a…,https://telkganesan.com/award/diversity-focused-company-corp-magazine-2014/,2014,Kyyba Awards,"UNVERIFIED - taken from the legacy site, not yet evidenced",,,
The Build 100 – Inc. Magazine (2014) The Build 100 award was presented by Inc. Magazine to the U.S.-based companies that are…,https://telkganesan.com/award/the-build-100-inc-magazine-2014/,2014,Kyyba Awards,"UNVERIFIED - taken from the legacy site, not yet evidenced",,,
"Michigan Economic Bright Spots – Corp! magazine ( 2012, 2013, 2014) The Michigan Economic Bright Spots Award was presented by Corp! magazine to recognize the company’s massive…",https://telkganesan.com/award/michigan-economic-bright-spots-corp-magazine-2012-2013-2014/,"2012, 2013, 2014",Kyyba Awards,"UNVERIFIED - taken from the legacy site, not yet evidenced",,,
"101 Best & Brightest – 2015- Elite Award |101 Best & Brightest Elite Award for excellence in recruitment, selection, and orientation was presented…",https://telkganesan.com/award/101-best-brightest-2015-elite-award/,2015,Kyyba Awards,"UNVERIFIED - taken from the legacy site, not yet evidenced",,,
"Company of the Year – Hometownlife, HRZone.com ( 2015) Company of the Year award was presented by Hometownlife and HRZone.com for exhibiting constant employee…",https://telkganesan.com/award/company-of-the-year-hometownlife-hrzone-com-2015/,2015,Kyyba Awards,"UNVERIFIED - taken from the legacy site, not yet evidenced",,,
Best of MIchBusiness – MBPA (2015) |“Best of MIchBusiness” Award was presented by the Michigan Business and Professional Association(MBPA). The award…,https://telkganesan.com/award/best-of-michbusiness-mbpa-2015/,2015,Kyyba Awards,"UNVERIFIED - taken from the legacy site, not yet evidenced",,,
"101 Best And Brightest Companies To Work Work for in Michigan – NABR (2013, 2014, 2015) |“101 Best And Brightest Companies To Work for in Michigan” Award was presented by The…",https://telkganesan.com/award/101-best-and-brightest-companies-to-work-work-for-in-michigan-nabr-2013-2014-2015/,"2013, 2014, 2015",Kyyba Awards,"UNVERIFIED - taken from the legacy site, not yet evidenced",,,
"Fastest Growing Private Company – Inc. Magazine ( 2008, 2009, 2010, 2011, 2012, 2013, 2015, 2016, 2017, 2018) The Fastest Growing Private Company award was presented by Inc. magazine to the selected 5000 companies…",https://telkganesan.com/award/fastest-growing-private-company-inc-magazine-2008-2009-2010-2011-2012-2013-2015-2016-2017-2018/,"2008, 2009, 2010, 2011, 2012, 2013, 2015, 2016, 2017, 2018",Kyyba Awards,"UNVERIFIED - taken from the legacy site, not yet evidenced",,,
"Excellence Awards – TechServe Alliance (2016, 2017) Excellence Awards were presented by TechServe Alliance to recognize distinct performance, productivity, and continuous improvement…",https://telkganesan.com/award/excellence-awards-techserve-alliance-2016-2017/,"2016, 2017",Kyyba Awards,"UNVERIFIED - taken from the legacy site, not yet evidenced",,,
Salute to Diversity Award – Corp! magazine ( 2019) Salute to Diversity Award was presented by Corp! magazine to appreciate the diversity in the…,https://telkganesan.com/award/salute-to-diversity-award-corp-magazine-2019/,2019,Kyyba Awards,"UNVERIFIED - taken from the legacy site, not yet evidenced",,,
"Achievement Award, 1998 – Chrysler Corporation The Achievement Award was presented, recognizing the involvement in enhancing practice innovations and increasing cost…",https://telkganesan.com/award/achievement-award-1998-chrysler-corporation/,1998,Corporate Awards,"UNVERIFIED - taken from the legacy site, not yet evidenced",,,
"Product Quality Improvement Award, 1997 – Chrysler Corporation The Product Quality Improvement Award was presented for the achievement in engineering, maintaining standards in…",https://telkganesan.com/award/product-quality-improvement-award-1997-chrysler-corporation/,1997,Corporate Awards,"UNVERIFIED - taken from the legacy site, not yet evidenced",,,
"Silver Award, 1999 – Chrysler Corporation Silver Award in Advanced Manufacturing Engineering was presented for suggesting combining two sets of tooling…",https://telkganesan.com/award/silver-award-1999-chrysler-corporation/,1999,Corporate Awards,"UNVERIFIED - taken from the legacy site, not yet evidenced",,,
"Certified Reactive Black Belt, 2002 – Daimler Chrysler Reactive Belt certification was given by Daimler Chrysler for mastering complex cross-functional problem-solving skills, and…",https://telkganesan.com/award/certified-reactive-black-belt-2002-daimler-chrysler/,2002,Corporate Awards,"UNVERIFIED - taken from the legacy site, not yet evidenced",,,
"Shainin RED-X, 2002 Red X Journeyman certificate was issued by Shainin LLC to recognize the ability to develop…",https://telkganesan.com/award/shainin-red-x-2002/,2002,Corporate Awards,"UNVERIFIED - taken from the legacy site, not yet evidenced",,,
"Product Quality Improvement Award, 2002 – Chrysler Corporation The Product Quality Improvement Award was presented for the sustainable achievement towards engineering, maintaining standards in…",https://telkganesan.com/award/product-quality-improvement-award-2002-chrysler-corporation/,2002,Corporate Awards,"UNVERIFIED - taken from the legacy site, not yet evidenced",,,
"Gold Award, 1999 – Chrysler Corporation The Gold Award in Advanced Manufacturing Engineering was presented for suggesting combining two sets of…",https://telkganesan.com/award/gold-award-1999-chrysler-corporation/,1999,Corporate Awards,"UNVERIFIED - taken from the legacy site, not yet evidenced",,,
"Shainin GREEN-Y, 2004 Green Y Analysis Engineer certification from Shainin LLC was for estimating various challenges from the…",https://telkganesan.com/award/shainin-green-y-2004/,2004,Corporate Awards,"UNVERIFIED - taken from the legacy site, not yet evidenced",,,
"Certified Pre-Emptive Black Belt, 2004 – Daimler Chrysler Pre-Emptive Black Belt certification was given by Daimler Chrysler for mastering complex cross-functional problem-solving skills,…",https://telkganesan.com/award/certified-pre-emptive-black-belt-2004-daimler-chrysler/,2004,Corporate Awards,"UNVERIFIED - taken from the legacy site, not yet evidenced",,,
