requirement_id,priority,requirement,page_module_cta,implementation_path,test_id,status,evidence
FR-IA-01,P0,Global navigation breadcrumbs and footer follow the approved hierarchy,"PRIMARY NAV (7 items); all 15 PAGE ids","src/components/SiteHeader.tsx; src/components/Breadcrumbs.tsx; src/components/SiteFooter.tsx; src/globals/Navigation.ts","QA-IA-01; QA-IA-02",Implemented — partial,"43/43 tests pass; all 15 routes return 200 in dev. Footer link groups are seeded placeholders pending the Content Blueprint."
FR-CMS-01,P0,Editors manage assigned modular content without changing global tokens or publishing blocked evidence,"All PAGE/MOD","src/access/index.ts; src/access/guard.ts; src/globals/*; src/app/(frontend)/tokens.css","QA-AUTH-03; QA-AUTH-05; QA-AUTH-06; QA-GATE-03",Implemented,"Editor cannot change navigation, grant roles, or approve evidence. Design tokens live in CSS, not the CMS."
FR-CONT-01,P0,Every page/module stores stable Page ID and Module ID,"All PAGE/MOD","src/collections/fields/baseline.ts; src/baseline/pages.ts; src/blocks/index.ts","QA-IA-01; QA-IA-03",Implemented,"pageId is a constrained select over the 15 approved IDs and is administrator-only. Every block carries a MOD ID; rendered modules emit data-module-id."
FR-FORM-01,P0,Seven qualified inquiry routes validate submit acknowledge and deliver to owners,"FORM-* (7); CTA-CONNECT-PRIMARY","src/lib/inquiries/*; src/components/InquiryForm.tsx; src/app/(frontend)/connect/actions.ts","QA-ROUTE-01..11; QA-SEC-01",Implemented — local delivery only,"All 7 routes submitted and delivered end to end via scripts/smoke-inquiry.ts; 21 messages captured in .mail/. Real owner mailboxes not configured."
FR-ROUTE-01,P0,Routing supports primary backup SLA and controlled escalation,"7 routes","src/collections/InquiryRoutes.ts; src/jobs/sla-reminders.ts; src/lib/inquiries/sla.ts","QA-ROUTE-05; QA-ROUTE-12; QA-ROUTE-13; QA-ROUTE-14",Implemented — owners unassigned,"Primary+backup+sender-ack rows created per lead. General never escalates to Tel. SLA breach reminds owners only; escalation stays a human decision."
FR-SEARCH-01,P1,Search returns current indexable content and excludes private/draft records,PAGE-SEARCH,"src/app/(frontend)/search/page.tsx","QA-SEARCH-01; QA-SEARCH-02",Implemented — basic,"Published-only across 5 public collections; empty state handled; page is unconditionally noindex. Uses SQL LIKE, not a ranked index."
FR-MEDIA-01,P0,Video/audio uses approved sources captions/transcripts and responsive controls,"MOD-MEDIA-*; MOD-CULTURE-OFFICIAL-MEDIA","src/lib/evidence/gate.ts (ASSET_MISSING_CAPTIONS); src/collections/Assets.ts",—,Partial — gate only,"The gate blocks publishing time-based media without captions/transcript. Player components are Phase 1/2."
FR-DL-01,P0,Bios and press kits are versioned accessible and trackable,"MOD-MEDIA-PRESS-KIT","src/collections/Downloads.ts; src/lib/analytics/events.ts (download)",—,Partial — model only,"Versioned, gated, accessible-summary-required collection exists. Download UI and event wiring are Phase 2."
FR-AN-01,P0,Consent-aware analytics records page CTA form start submit error and download events,All CTA/FORM,"src/lib/analytics/events.ts; src/lib/analytics/adapter.ts; src/components/CtaLink.tsx; src/components/InquiryForm.tsx","QA-AN-01; QA-AN-02; QA-AN-03",Implemented — no provider,"All 8 baseline event names defined with minimum parameters. Nothing is sent without consent AND a measurement ID. No GA4 property configured, so no live event evidence exists yet."
FR-UTM-01,P0,UTM/source context persists through navigation and submission,FORM-*,"src/lib/inquiries/attribution.ts; src/lib/inquiries/submit.ts","QA-ROUTE-09; QA-ROUTE-10",Implemented,"Attribution reaches the lead record; query strings are stripped from paths; consent denial records consent-denied rather than an invented source."
FR-SEO-01,P0,Indexable pages have unique title description H1 canonical OG and schema,All indexable PAGE,"src/lib/seo/metadata.ts; src/app/robots.ts; src/app/sitemap.ts",QA-SEO-01,Partial,"Title/description/robots/OG implemented and verified in dev. Canonical and sitemap are deliberately suppressed until productionOrigin is set. Person/Organization schema is Phase 2."
FR-A11Y-01,P0,Core journeys support keyboard focus labels contrast zoom and screen-reader use,All PAGE,"src/app/(frontend)/tokens.css; src/components/layout.css; src/components/InquiryForm.tsx; scripts/check-contrast.mjs",—,Partial — not yet audited,"Skip link, focus-visible never removed, reduced-motion, labelled fields with aria-invalid/aria-describedby, aria-live results, semantic landmarks. Contrast COMPUTED and passing. NO automated scan and NO manual screen-reader test has been run."
FR-PRIV-01,P0,Data collection consent retention and contact practices follow approved policy,PAGE-PRIVACY; FORM-*,"src/components/ConsentBanner.tsx; src/collections/Inquiries.ts (consent group)","QA-ROUTE-03; QA-ROUTE-09; QA-ROUTE-11",Partial — policy not approved,"Consent is required before submission and stamped with a policy version. That version is literally 'draft-unapproved'. Retention periods are not implemented — they require reviewer decisions."
FR-SEC-01,P0,TLS secure headers least privilege validation rate limiting and patching are active,All,"src/access/*; src/lib/inquiries/validate.ts; src/lib/inquiries/rate-limit.ts; src/payload.config.ts (csrf/cors)","QA-AUTH-01..08; QA-SEC-01",Partial,"Least privilege, server-side validation, URL-protocol blocking, DB-backed rate limiting and CSRF/CORS confined to the configured origin, all verified. Security headers and TLS are deployment concerns and are NOT yet configured. No dependency audit run."
FR-PERF-01,P0,Priority templates meet agreed Core Web Vitals/performance budgets,All PAGE,—,—,Not started,"Budgets are undefined — the baseline supplies no numeric thresholds. Proposing and agreeing them is a Phase 3 task. No measurement has been taken."
FR-OPS-01,P0,Monitoring backups release versioning and tested rollback are available,All,"migrations/; src/jobs/*; src/collections/DeliveryAttempts.ts",—,Partial,"Committed migrations, durable outbox with bounded retries and dead-lettering, append-only audit trail. Monitoring, backups, restore drill and rollback rehearsal are NOT done."
