old_path,wp_type,lastmod,suggested (needs approval),decision (301/302/410),to_path (for 301/302),evidence
/award/101-best-and-brightest-companies-to-work-work-for-in-michigan-nabr-2013-2014-2015/,award,2025-12-27,,,,listed in sitemap_index.xml on 2026-10-05
/award/101-best-brightest-2015-elite-award/,award,2025-12-27,,,,listed in sitemap_index.xml on 2026-10-05
/award/50-names-to-know-in-information-technology-crains-detroit-business-2016/,award,2025-12-27,,,,listed in sitemap_index.xml on 2026-10-05
/award/achievement-award-1998-chrysler-corporation/,award,2025-12-27,,,,listed in sitemap_index.xml on 2026-10-05
/award/asian-hall-of-fame-by-usp4gg-2019/,award,2025-12-27,,,,listed in sitemap_index.xml on 2026-10-05
/award/best-of-michbusiness-mbpa-2015/,award,2025-12-27,,,,listed in sitemap_index.xml on 2026-10-05
/award/certified-pre-emptive-black-belt-2004-daimler-chrysler/,award,2025-12-27,,,,listed in sitemap_index.xml on 2026-10-05
/award/certified-reactive-black-belt-2002-daimler-chrysler/,award,2025-12-27,,,,listed in sitemap_index.xml on 2026-10-05
/award/champions-of-the-new-economy-dbbusiness-2019/,award,2025-12-27,,,,listed in sitemap_index.xml on 2026-10-05
/award/company-of-the-year-hometownlife-hrzone-com-2015/,award,2025-12-27,,,,listed in sitemap_index.xml on 2026-10-05
/award/cool-places-to-work-in-michigan-crains-detroit-2012/,award,2025-12-27,,,,listed in sitemap_index.xml on 2026-10-05
/award/corporate-leadership-global-detroit-2018/,award,2025-12-27,,,,listed in sitemap_index.xml on 2026-10-05
/award/diversity-business-leader-corp-magazine-2012/,award,2025-12-27,,,,listed in sitemap_index.xml on 2026-10-05
/award/diversity-focused-company-corp-magazine-2014/,award,2025-12-27,,,,listed in sitemap_index.xml on 2026-10-05
/award/entrepreneur-of-the-year-ernst-young-2012-2013-2014/,award,2025-12-27,,,,listed in sitemap_index.xml on 2026-10-05
/award/excellence-awards-techserve-alliance-2016-2017/,award,2025-12-27,,,,listed in sitemap_index.xml on 2026-10-05
/award/fast-50-asian-american-businesses-excellence-uspaacc-2014/,award,2025-12-27,,,,listed in sitemap_index.xml on 2026-10-05
/award/fastest-growing-private-company-inc-magazine-2008-2009-2010-2011-2012-2013-2015-2016-2017-2018/,award,2025-12-27,,,,listed in sitemap_index.xml on 2026-10-05
/award/filmmaker-of-the-year-meatf-2019/,award,2025-12-19,,,,listed in sitemap_index.xml on 2026-10-05
/award/founders-award-nvbdc-2012/,award,2025-12-27,,,,listed in sitemap_index.xml on 2026-10-05
/award/gold-award-1999-chrysler-corporation/,award,2025-12-27,,,,listed in sitemap_index.xml on 2026-10-05
/award/hall-of-fame-recognition-wayne-state-university-2026/,award,2026-05-14,,,,listed in sitemap_index.xml on 2026-10-05
/award/leader-innovator-award-grant-thornton-llp-lawrence-tech-university-wwj-news-radio-2010/,award,2025-12-27,,,,listed in sitemap_index.xml on 2026-10-05
/award/letter-of-recognition-president-obama-2009/,award,2025-12-27,,,,listed in sitemap_index.xml on 2026-10-05
/award/mahatma-gandhi-sesquicentennial-medallion-of-excellence-mafs-2019/,award,2025-12-19,,,,listed in sitemap_index.xml on 2026-10-05
/award/michigan-50-companies-to-watch-mcsb-2013/,award,2025-12-27,,,,listed in sitemap_index.xml on 2026-10-05
/award/michigan-economic-bright-spots-corp-magazine-2012-2013-2014/,award,2025-12-27,,,,listed in sitemap_index.xml on 2026-10-05
/award/most-powerful-business-leaders-in-metro-detroit-dbbusiness-2018-2019-2020-2021/,award,2025-12-19,,,,listed in sitemap_index.xml on 2026-10-05
/award/outstanding-and-successful-asian-business-leaders-apacc-award-2010/,award,2025-12-27,,,,listed in sitemap_index.xml on 2026-10-05
/award/outstanding-young-asian-american-in-michigan-naffaa-2011/,award,2025-12-27,,,,listed in sitemap_index.xml on 2026-10-05
/award/product-quality-improvement-award-1997-chrysler-corporation/,award,2025-12-27,,,,listed in sitemap_index.xml on 2026-10-05
/award/product-quality-improvement-award-2002-chrysler-corporation/,award,2025-12-27,,,,listed in sitemap_index.xml on 2026-10-05
/award/salute-to-diversity-award-corp-magazine-2019/,award,2025-12-27,,,,listed in sitemap_index.xml on 2026-10-05
/award/shainin-green-y-2004/,award,2025-12-27,,,,listed in sitemap_index.xml on 2026-10-05
/award/shainin-red-x-2002/,award,2025-12-27,,,,listed in sitemap_index.xml on 2026-10-05
/award/silver-award-1999-chrysler-corporation/,award,2025-12-27,,,,listed in sitemap_index.xml on 2026-10-05
/award/special-tribute-for-excellence-michigan-state-senate-2011/,award,2025-12-27,,,,listed in sitemap_index.xml on 2026-10-05
/award/the-build-100-inc-magazine-2014/,award,2025-12-27,,,,listed in sitemap_index.xml on 2026-10-05
/award/top-10-successful-immigrant-entrepreneurs-crains-magazine-2018/,award,2025-12-27,,,,listed in sitemap_index.xml on 2026-10-05
/category/entrepreneurship/,category,2026-05-14,,,,listed in sitemap_index.xml on 2026-10-05
/category/leadership/,category,2026-07-03,,,,listed in sitemap_index.xml on 2026-10-05
/category/uncategorized/,category,2026-02-28,,,,listed in sitemap_index.xml on 2026-10-05
/photos/,gallery,2025-12-19,,,,listed in sitemap_index.xml on 2026-10-05
/photos/1/,gallery,2025-12-19,,,,listed in sitemap_index.xml on 2026-10-05
/photos/10/,gallery,2025-12-19,,,,listed in sitemap_index.xml on 2026-10-05
/photos/11/,gallery,2025-12-19,,,,listed in sitemap_index.xml on 2026-10-05
/photos/13/,gallery,2025-12-19,,,,listed in sitemap_index.xml on 2026-10-05
/photos/2/,gallery,2025-12-19,,,,listed in sitemap_index.xml on 2026-10-05
/photos/3/,gallery,2025-12-19,,,,listed in sitemap_index.xml on 2026-10-05
/photos/4/,gallery,2025-12-19,,,,listed in sitemap_index.xml on 2026-10-05
/photos/5/,gallery,2025-12-19,,,,listed in sitemap_index.xml on 2026-10-05
/photos/6/,gallery,2025-12-19,,,,listed in sitemap_index.xml on 2026-10-05
/photos/7/,gallery,2025-12-19,,,,listed in sitemap_index.xml on 2026-10-05
/photos/8/,gallery,2025-12-19,,,,listed in sitemap_index.xml on 2026-10-05
/photos/9/,gallery,2025-12-19,,,,listed in sitemap_index.xml on 2026-10-05
/,page,2026-08-18,301 -> /,,,listed in sitemap_index.xml on 2026-10-05
/about-us/,page,2026-08-13,301 -> /about,,,listed in sitemap_index.xml on 2026-10-05
/articles/,page,2026-08-13,301 -> /ideas,,,listed in sitemap_index.xml on 2026-10-05
/awards/,page,2026-08-13,301 -> /about,,,listed in sitemap_index.xml on 2026-10-05
/collection-of-thoughts/,page,2026-08-13,301 -> /ideas,,,listed in sitemap_index.xml on 2026-10-05
/contact-us/,page,2026-08-13,301 -> /connect,,,listed in sitemap_index.xml on 2026-10-05
/gallery/,page,2026-08-13,301 -> /film-culture,,,listed in sitemap_index.xml on 2026-10-05
/non-profit-organization/,page,2026-08-13,301 -> /impact,,,listed in sitemap_index.xml on 2026-10-05
/philanthropy/,page,2026-08-13,301 -> /impact,,,listed in sitemap_index.xml on 2026-10-05
/press-kit/,page,2026-08-13,301 -> /media-speaking,,,listed in sitemap_index.xml on 2026-10-05
/speaking/,page,2026-08-13,301 -> /media-speaking,,,listed in sitemap_index.xml on 2026-10-05
/ventures/,page,2026-08-13,301 -> /enterprise-investments,,,listed in sitemap_index.xml on 2026-10-05
/videos/,page,2026-08-13,301 -> /film-culture,,,listed in sitemap_index.xml on 2026-10-05
/5-step-systemization-map/,post,2026-02-28,,,,listed in sitemap_index.xml on 2026-10-05
/80-20-scaling-rule-for-founders/,post,2026-02-21,,,,listed in sitemap_index.xml on 2026-10-05
/accountability-must-replace-supervision/,post,2026-03-20,,,,listed in sitemap_index.xml on 2026-10-05
/add-a-second-business-line/,post,2026-02-26,,,,listed in sitemap_index.xml on 2026-10-05
/architecture-of-an-international-company/,post,2026-02-26,,,,listed in sitemap_index.xml on 2026-10-05
/art-of-scaling-across-cultures-global-leadership/,post,2026-03-10,,,,listed in sitemap_index.xml on 2026-10-05
/art-of-staying-hungry/,post,2026-03-14,,,,listed in sitemap_index.xml on 2026-10-05
/become-mentally-unshakeable/,post,2026-03-14,,,,listed in sitemap_index.xml on 2026-10-05
/build-a-company-that-spawns-more-companies/,post,2026-02-28,,,,listed in sitemap_index.xml on 2026-10-05
/build-a-culture-of-ownership/,post,2026-03-20,,,,listed in sitemap_index.xml on 2026-10-05
/build-a-self-healing-company-leadership-culture/,post,2026-03-10,,,,listed in sitemap_index.xml on 2026-10-05
/build-an-all-in-culture-that-drives-growth/,post,2026-03-26,,,,listed in sitemap_index.xml on 2026-10-05
/build-high-trust-teams-key-to-effective-leadership/,post,2026-03-17,,,,listed in sitemap_index.xml on 2026-10-05
/build-leaders-instead-of-followers/,post,2026-03-24,,,,listed in sitemap_index.xml on 2026-10-05
/building-companies-across-borders/,post,2026-02-04,,,,listed in sitemap_index.xml on 2026-10-05
/building-teams-across-cultures-that-thrive/,post,2026-03-25,,,,listed in sitemap_index.xml on 2026-10-05
/ceo-as-chief-cultural-engineer/,post,2026-02-28,,,,listed in sitemap_index.xml on 2026-10-05
/compound-effect-of-small-wins-leadership/,post,2026-02-24,,,,listed in sitemap_index.xml on 2026-10-05
/concept-of-scalable-soul-work-leadership-growth/,post,2026-03-10,,,,listed in sitemap_index.xml on 2026-10-05
/culture-as-a-competitive-advantage/,post,2026-03-17,,,,listed in sitemap_index.xml on 2026-10-05
/culture-as-operating-system/,post,2026-03-28,,,,listed in sitemap_index.xml on 2026-10-05
/culture-drift-how-leaders-prevent-misalignment/,post,2026-04-01,,,,listed in sitemap_index.xml on 2026-10-05
/culture-is-a-scaling-strategy-founders/,post,2026-02-25,,,,listed in sitemap_index.xml on 2026-10-05
/culture-is-a-scaling-strategy/,post,2026-02-20,,,,listed in sitemap_index.xml on 2026-10-05
/culture-must-evolve-for-growth/,post,2026-03-25,,,,listed in sitemap_index.xml on 2026-10-05
/curiosity-becomes-a-company/,post,2026-02-19,,,,listed in sitemap_index.xml on 2026-10-05
/daily-rituals-of-mentally-tough-founders/,post,2026-03-11,,,,listed in sitemap_index.xml on 2026-10-05
/decision-making-autonomy/,post,2026-03-31,,,,listed in sitemap_index.xml on 2026-10-05
/delegation-vs-abdication-the-founder-trap/,post,2026-02-26,,,,listed in sitemap_index.xml on 2026-10-05
/discipline-behind-creativity/,post,2026-02-04,,,,listed in sitemap_index.xml on 2026-10-05
/dna-of-elite-teams/,post,2026-03-24,,,,listed in sitemap_index.xml on 2026-10-05
/doors-dont-open-build-your-own-path/,post,2026-05-14,,,,listed in sitemap_index.xml on 2026-10-05
/dreams-are-not-found-engineering-life-you-want/,post,2026-05-14,,,,listed in sitemap_index.xml on 2026-10-05
/emotional-safety-rule/,post,2026-03-28,,,,listed in sitemap_index.xml on 2026-10-05
/empowerment-vs-entitlement-in-leadership/,post,2026-03-25,,,,listed in sitemap_index.xml on 2026-10-05
/energy-cycles-of-entrepreneurs-sustainable/,post,2026-03-12,,,,listed in sitemap_index.xml on 2026-10-05
/entrepreneurial-identity-crisis-leadership/,post,2026-03-11,,,,listed in sitemap_index.xml on 2026-10-05
/entrepreneurs-must-be-generalists-first/,post,2026-02-19,,,,listed in sitemap_index.xml on 2026-10-05
/entrepreneurs-must-embrace-reinvention-for-growth/,post,2026-03-12,,,,listed in sitemap_index.xml on 2026-10-05
/entrepreneurs-should-build-ecosystems/,post,2026-02-23,,,,listed in sitemap_index.xml on 2026-10-05
/expansion-formula-tel-uses-sustainable-growth/,post,2026-03-10,,,,listed in sitemap_index.xml on 2026-10-05
/five-invisible-forces/,post,2026-05-13,,,,listed in sitemap_index.xml on 2026-10-05
/five-mindsets-of-high-performance-founders/,post,2026-03-10,,,,listed in sitemap_index.xml on 2026-10-05
/founder-loneliness-problem-leadership-insight/,post,2026-03-12,,,,listed in sitemap_index.xml on 2026-10-05
/founders-burn-out-during-scaling-leadership/,post,2026-03-10,,,,listed in sitemap_index.xml on 2026-10-05
/founders-emotional-toolkit-leadership/,post,2026-03-10,,,,listed in sitemap_index.xml on 2026-10-05
/founders-guide-to-organizational-architecture/,post,2026-02-28,,,,listed in sitemap_index.xml on 2026-10-05
/founders-real-job-from-operator-to-architect/,post,2026-03-17,,,,listed in sitemap_index.xml on 2026-10-05
/founders-relationship-with-fear-leadership/,post,2026-03-11,,,,listed in sitemap_index.xml on 2026-10-05
/founders-relationship-with-risk-entrepreneurship/,post,2026-03-13,,,,listed in sitemap_index.xml on 2026-10-05
/global-delivery-model-explained/,post,2026-02-28,,,,listed in sitemap_index.xml on 2026-10-05
/global-team-mindset-building-strong-diverse-teams/,post,2026-03-20,,,,listed in sitemap_index.xml on 2026-10-05
/good-leaders-break-patterns-to-drive-growth/,post,2026-03-31,,,,listed in sitemap_index.xml on 2026-10-05
/hidden-roi-of-documentation/,post,2026-02-28,,,,listed in sitemap_index.xml on 2026-10-05
/hiring-for-curiosity-importance-over-skill/,post,2026-03-20,,,,listed in sitemap_index.xml on 2026-10-05
/how-to-build-a-70m-ecosystem/,post,2026-02-04,,,,listed in sitemap_index.xml on 2026-10-05
/how-to-build-founder-resilience-leadership/,post,2026-03-10,,,,listed in sitemap_index.xml on 2026-10-05
/how-to-design-teams-for-rapid-growth/,post,2026-02-28,,,,listed in sitemap_index.xml on 2026-10-05
/how-to-operationalize-vision-founders-legacy/,post,2026-02-25,,,,listed in sitemap_index.xml on 2026-10-05
/how-to-rebuild-after-failure/,post,2026-03-10,,,,listed in sitemap_index.xml on 2026-10-05
/how-to-recover-after-a-major-loss-leadership/,post,2026-03-11,,,,listed in sitemap_index.xml on 2026-10-05
/how-to-stay-motivated-when-nothing-works/,post,2026-03-11,,,,listed in sitemap_index.xml on 2026-10-05
/how-to-think-like-a-multi-industry-founder/,post,2026-02-04,,,,listed in sitemap_index.xml on 2026-10-05
/importance-of-entrepreneurial-patience/,post,2026-02-19,,,,listed in sitemap_index.xml on 2026-10-05
/know-when-start-new-vertical-leadership-evolution/,post,2026-02-19,,,,listed in sitemap_index.xml on 2026-10-05
/leaders-must-be-storytellers-impact/,post,2026-03-30,,,,listed in sitemap_index.xml on 2026-10-05
/leadership-multiplier-effect-scalable-growth/,post,2026-04-02,,,,listed in sitemap_index.xml on 2026-10-05
/long-term-game-vs-quick-wins/,post,2026-03-14,,,,listed in sitemap_index.xml on 2026-10-05
/making-decisions-before-you-are-fully-ready/,post,2026-02-04,,,,listed in sitemap_index.xml on 2026-10-05
/mentor-without-micromanaging/,post,2026-05-13,,,,listed in sitemap_index.xml on 2026-10-05
/micro-culture-model/,post,2026-03-28,,,,listed in sitemap_index.xml on 2026-10-05
/mindset-shift-operator-to-architect/,post,2026-02-04,,,,listed in sitemap_index.xml on 2026-10-05
/momentum-in-entrepreneurship/,post,2026-02-23,,,,listed in sitemap_index.xml on 2026-10-05
/morning-ceo-audit-transform-your-leadership/,post,2026-02-04,,,,listed in sitemap_index.xml on 2026-10-05
/most-businesses-break-at-scale/,post,2026-02-28,,,,listed in sitemap_index.xml on 2026-10-05
/most-scaling-fails-at-20-employees/,post,2026-02-28,,,,listed in sitemap_index.xml on 2026-10-05
/movement-inside-a-company-purpose-driven-teams/,post,2026-04-02,,,,listed in sitemap_index.xml on 2026-10-05
/multi-hub-global-team-model/,post,2026-02-28,,,,listed in sitemap_index.xml on 2026-10-05
/never-stuck-philosophy-entrepreneur-growth/,post,2026-03-13,,,,listed in sitemap_index.xml on 2026-10-05
/pattern-recognition-in-leadership/,post,2026-02-19,,,,listed in sitemap_index.xml on 2026-10-05
/power-of-cross-pollinated-businesses/,post,2026-02-04,,,,listed in sitemap_index.xml on 2026-10-05
/processes-matter-more-than-people/,post,2026-02-26,,,,listed in sitemap_index.xml on 2026-10-05
/psychological-safety-net/,post,2026-03-31,,,,listed in sitemap_index.xml on 2026-10-05
/psychology-of-high-performance-teams/,post,2026-03-20,,,,listed in sitemap_index.xml on 2026-10-05
/psychology-of-staying-calm-under-pressure/,post,2026-03-10,,,,listed in sitemap_index.xml on 2026-10-05
/psychology-of-taking-big-swings/,post,2026-02-18,,,,listed in sitemap_index.xml on 2026-10-05
/real-reason-scaling-drains-founders-leadership/,post,2026-03-10,,,,listed in sitemap_index.xml on 2026-10-05
/recognize-industry-inflection-points-before-late/,post,2026-02-19,,,,listed in sitemap_index.xml on 2026-10-05
/reinvent-yourself-mid-career-curiosity-purpose/,post,2026-03-12,,,,listed in sitemap_index.xml on 2026-10-05
/rejection-as-a-business-strategy/,post,2026-03-30,,,,listed in sitemap_index.xml on 2026-10-05
/remembering-rev-jesse-jackson/,post,2026-02-23,,,,listed in sitemap_index.xml on 2026-10-05
/repeatable-engine/,post,2026-02-28,,,,listed in sitemap_index.xml on 2026-10-05
/resilience-reservoir-method-leadership-strength/,post,2026-03-11,,,,listed in sitemap_index.xml on 2026-10-05
/resilient-ceo-framework-building-leadership-for-long-term-success/,post,2026-03-17,,,,listed in sitemap_index.xml on 2026-10-05
/rest-is-a-competitive-advantage/,post,2026-03-14,,,,listed in sitemap_index.xml on 2026-10-05
/rewire-your-internal-narrative-entrepreneur-growth/,post,2026-03-13,,,,listed in sitemap_index.xml on 2026-10-05
/scalable-decision/,post,2026-02-28,,,,listed in sitemap_index.xml on 2026-10-05
/scale-across-geographies/,post,2026-02-20,,,,listed in sitemap_index.xml on 2026-10-05
/scale-culture-across-countries/,post,2026-03-28,,,,listed in sitemap_index.xml on 2026-10-05
/scaling-through-partnerships/,post,2026-02-26,,,,listed in sitemap_index.xml on 2026-10-05
/scaling-without-losing-your-soul/,post,2026-02-21,,,,listed in sitemap_index.xml on 2026-10-05
/speed-isnt-everything-founder-leadership/,post,2026-02-25,,,,listed in sitemap_index.xml on 2026-10-05
/start-10-companies-without-burning-out/,post,2026-02-04,,,,listed in sitemap_index.xml on 2026-10-05
/starting-with-imperfect-information-in-leadership/,post,2026-02-18,,,,listed in sitemap_index.xml on 2026-10-05
/stay-relentless-without-being-reckless-leadership/,post,2026-03-11,,,,listed in sitemap_index.xml on 2026-10-05
/stoic-entrepreneur/,post,2026-03-11,,,,listed in sitemap_index.xml on 2026-10-05
/sweet-spot-between-confidence-leadership/,post,2026-03-11,,,,listed in sitemap_index.xml on 2026-10-05
/system-that-grew-tels-empire/,post,2026-02-26,,,,listed in sitemap_index.xml on 2026-10-05
/systems-that-make-growth-automatic/,post,2026-02-21,,,,listed in sitemap_index.xml on 2026-10-05
/team-architecture-map-scalable-leadership/,post,2026-03-30,,,,listed in sitemap_index.xml on 2026-10-05
/teams-fail-under-weak-vision/,post,2026-03-28,,,,listed in sitemap_index.xml on 2026-10-05
/tel-built-multi-industry-synergy/,post,2026-02-23,,,,listed in sitemap_index.xml on 2026-10-05
/the-courage-to-pivot-entrepreneurship/,post,2026-03-13,,,,listed in sitemap_index.xml on 2026-10-05
/the-emotional-intelligence-of-leadership/,post,2026-03-17,,,,listed in sitemap_index.xml on 2026-10-05
/the-entrepreneurial-quiet-hours/,post,2026-02-19,,,,listed in sitemap_index.xml on 2026-10-05
/the-entrepreneurial-reset-ritual/,post,2026-02-04,,,,listed in sitemap_index.xml on 2026-10-05
/the-founders-blind-spot-in-hiring-talent/,post,2026-03-25,,,,listed in sitemap_index.xml on 2026-10-05
/the-most-founders-stay-small/,post,2026-02-19,,,,listed in sitemap_index.xml on 2026-10-05
/the-sequencing-strategy/,post,2026-03-30,,,,listed in sitemap_index.xml on 2026-10-05
/they-leave-narratives-not-companies/,post,2026-04-02,,,,listed in sitemap_index.xml on 2026-10-05
/three-flywheels-every-company-needs/,post,2026-02-28,,,,listed in sitemap_index.xml on 2026-10-05
/three-layers-of-founder-disengagement/,post,2026-02-25,,,,listed in sitemap_index.xml on 2026-10-05
/through-the-10m-ceiling/,post,2026-02-28,,,,listed in sitemap_index.xml on 2026-10-05
/tier-hiring-philosophy-for-smarter-teams/,post,2026-03-25,,,,listed in sitemap_index.xml on 2026-10-05
/to-build-a-business-that-survives-you/,post,2026-02-26,,,,listed in sitemap_index.xml on 2026-10-05
/to-hire-your-first-operators/,post,2026-02-21,,,,listed in sitemap_index.xml on 2026-10-05
/to-make-decisions-under-ambiguity/,post,2026-03-11,,,,listed in sitemap_index.xml on 2026-10-05
/understanding-causes-of-burnout-leaders/,post,2026-03-11,,,,listed in sitemap_index.xml on 2026-10-05
/unseen-hard-skills-behind-success/,post,2026-02-19,,,,listed in sitemap_index.xml on 2026-10-05
/vision-outweighs-strategy-in-early-stages/,post,2026-02-04,,,,listed in sitemap_index.xml on 2026-10-05
/when-to-fire-fast-and-lead-with-clarity/,post,2026-03-25,,,,listed in sitemap_index.xml on 2026-10-05
/when-to-fire-yourself/,post,2026-02-28,,,,listed in sitemap_index.xml on 2026-10-05
/why-doubt-is-a-strategic-signal-leadership/,post,2026-03-11,,,,listed in sitemap_index.xml on 2026-10-05
/why-high-performers-self-sabotage/,post,2026-03-11,,,,listed in sitemap_index.xml on 2026-10-05
/why-most-entrepreneurs-build-too-narrow/,post,2026-02-04,,,,listed in sitemap_index.xml on 2026-10-05
/why-most-entrepreneurs-quit-too-early/,post,2026-03-10,,,,listed in sitemap_index.xml on 2026-10-05
/why-setbacks-are-training-leadership-growth/,post,2026-03-10,,,,listed in sitemap_index.xml on 2026-10-05
/why-vision-must-outrun-logic/,post,2026-07-03,,,,listed in sitemap_index.xml on 2026-10-05
/why-you-must-automate-boring-work/,post,2026-02-28,,,,listed in sitemap_index.xml on 2026-10-05
/winning-requires-detachment-leadership/,post,2026-03-13,,,,listed in sitemap_index.xml on 2026-10-05
/you-must-become-immune-to-chaos/,post,2026-03-10,,,,listed in sitemap_index.xml on 2026-10-05
/your-mindset-is-your-advantage/,post,2026-03-11,,,,listed in sitemap_index.xml on 2026-10-05
/your-past-doesnt-define-your-vision/,post,2026-03-14,,,,listed in sitemap_index.xml on 2026-10-05
/thoughts/,thought,2025-12-23,,,,listed in sitemap_index.xml on 2026-10-05
/thoughts/10-questions-to-focus-on-while-hiring-executives/,thought,2025-12-23,,,,listed in sitemap_index.xml on 2026-10-05
/thoughts/breaking-the-silence-unveiling-the-untold-realities-of-maternal-health-inequality/,thought,2025-12-21,,,,listed in sitemap_index.xml on 2026-10-05
/thoughts/importance-to-distinguish-yourself-with-personal-brand/,thought,2025-12-23,,,,listed in sitemap_index.xml on 2026-10-05
/thoughts/reinvent-the-product-not-the-wheel/,thought,2025-12-23,,,,listed in sitemap_index.xml on 2026-10-05
/thoughts/tel-ganesans-interview-with-cynthia-canty-at-michigan-radio-npr-news-station-on-broken-immigration-system/,thought,2025-12-23,,,,listed in sitemap_index.xml on 2026-10-05
/thoughts/the-importance-of-social-media-subcultures/,thought,2025-12-23,,,,listed in sitemap_index.xml on 2026-10-05
/venture/kyyba-fashions/,venture,2025-12-26,,,,listed in sitemap_index.xml on 2026-10-05
/venture/kyyba-films/,venture,2026-02-06,,,,listed in sitemap_index.xml on 2026-10-05
/venture/kyyba-inc/,venture,2025-12-26,,,,listed in sitemap_index.xml on 2026-10-05
/venture/kyyba-innovation/,venture,2025-12-26,,,,listed in sitemap_index.xml on 2026-10-05
/venture/kyyba-music/,venture,2025-12-26,,,,listed in sitemap_index.xml on 2026-10-05
/venture/kyyba-wellness-2/,venture,2025-12-26,,,,listed in sitemap_index.xml on 2026-10-05
/videos/acceptance-speech-filmmaker-of-the-year-2019-chicago-us-congressman-danny-k-davis/,video,2025-12-24,,,,listed in sitemap_index.xml on 2026-10-05
/videos/apacc-honors-tel-ganesan-as-one-of-the-outstanding-and-successful-asian-business-leader/,video,2025-12-24,,,,listed in sitemap_index.xml on 2026-10-05
/videos/dr-nandi-keynote-teaser-video-tiecon-midwest-2016/,video,2025-12-24,,,,listed in sitemap_index.xml on 2026-10-05
/videos/exciting-1-billion-investment-opportunity-for-healthcare-entrepreneurs/,video,2025-12-26,,,,listed in sitemap_index.xml on 2026-10-05
/videos/graduate-students-orientation-keynote-wayne-state-university-2/,video,2025-12-26,,,,listed in sitemap_index.xml on 2026-10-05
/videos/graduate-students-orientation-keynote-wayne-state-university/,video,2025-12-26,,,,listed in sitemap_index.xml on 2026-10-05
/videos/india-midwest-consulate-of-india-chicago/,video,2025-12-24,,,,listed in sitemap_index.xml on 2026-10-05
/videos/interview-with-tel-k-ganesan-tiecon-midwest-2016-by-anu-gopalakrishnan/,video,2025-12-26,,,,listed in sitemap_index.xml on 2026-10-05
/videos/mateen-syed-interviews-tel-ganesan-at-tiecon-2010/,video,2025-12-26,,,,listed in sitemap_index.xml on 2026-10-05
/videos/prelude-to-womens-forum-tel-ganesan/,video,2025-12-26,,,,listed in sitemap_index.xml on 2026-10-05
/videos/rick-snyder-greets-tel-ganesan-and-rupesh-srivastav/,video,2025-12-26,,,,listed in sitemap_index.xml on 2026-10-05
/videos/sarah-myrand-interviews-tel-ganesan-tye/,video,2025-12-24,,,,listed in sitemap_index.xml on 2026-10-05
/videos/tel-ganesan-invites-you-for-tiecon-2012-midwest/,video,2025-12-26,,,,listed in sitemap_index.xml on 2026-10-05
/videos/tel-ganesan-talks-on-business-plan-competition-for-future-entrepreneurs/,video,2025-12-26,,,,listed in sitemap_index.xml on 2026-10-05
/videos/tel-ganesan-welcomes-rick-synder/,video,2025-12-26,,,,listed in sitemap_index.xml on 2026-10-05
/videos/tel-k-ganesan-fireside-chat-with-governor-rick-snyder/,video,2025-12-24,,,,listed in sitemap_index.xml on 2026-10-05
/videos/tel-k-ganesan-fireside-chat-with-manoj-bhargava/,video,2025-12-24,,,,listed in sitemap_index.xml on 2026-10-05
/videos/tel-k-ganesan-interviewed-at-inc-500-5000-2011/,video,2025-12-26,,,,listed in sitemap_index.xml on 2026-10-05
/videos/why-should-you-attend-tiecon-midwest-2016-by-tel-k-ganesan/,video,2025-12-24,,,,listed in sitemap_index.xml on 2026-10-05
